{
  "hash": "0866c592",
  "configHash": "b1f8a757",
  "lockfileHash": "03cb3771",
  "browserHash": "1024a68c",
  "optimized": {
    "@angular/core": {
      "src": "../../../../../node_modules/@angular/core/fesm2022/core.mjs",
      "file": "@angular_core.js",
      "fileHash": "80170449",
      "needsInterop": false
    },
    "@angular/platform-browser": {
      "src": "../../../../../node_modules/@angular/platform-browser/fesm2022/platform-browser.mjs",
      "file": "@angular_platform-browser.js",
      "fileHash": "e0ddd0af",
      "needsInterop": false
    },
    "@angular/router": {
      "src": "../../../../../node_modules/@angular/router/fesm2022/router.mjs",
      "file": "@angular_router.js",
      "fileHash": "8cbb887b",
      "needsInterop": false
    }
  },
  "chunks": {
    "chunk-BDIY6QCY": {
      "file": "chunk-BDIY6QCY.js"
    },
    "chunk-WG46EH6R": {
      "file": "chunk-WG46EH6R.js"
    }
  }
}